Feature,Average SHAP Value
Log Median Age,0.006263609296317977
Overweight,0.0019385826633949717
Obese,0.007927689087027855
Rate of Active Population,0.0014076847504665444
