Feature,Average SHAP Value
Log Median Age,0.005320093727942284
Overweight,0.0012089911732711212
Obese,0.005604820940842775
Active Transportation,0.0007112896235579563
