Feature,Average SHAP Value
Rate of Active Population,0.001520174584826364
Rate of Daily Smokers,0.0008744086664683272
Visible Minority Rate,0.003042272404997416
Work Stress Score,0.00038385346988788324
Mental Health Score,0.002282517744698854
Log Median Age,0.0017030505578166058
Overweight,0.0021052748382059255
Obese,0.0030947257665198944
