Feature,Average SHAP Value
Mental Health Score,0.004657201629569148
Log Median Age,0.0013019043535189743
Overweight,0.006470651575226051
Active Transportation,0.007266139261231992
Rate of Active Population,0.0008394650753242498
Rate of Daily Smokers,0.0007308533801334449
Visible Minority Rate,0.0020876027216162117
Work Stress Score,0.0008113477775100394
