Feature,Average SHAP Value
Mental Health Score,0.005242885669083682
Log Median Age,0.004449686458129605
Obese,0.0038498245876192206
Active Transportation,0.0005078061599192302
Rate of Active Population,0.0014848753010025526
Rate of Daily Smokers,0.0010945719755112659
Visible Minority Rate,0.004083219567282196
Work Stress Score,0.000558492008620001
