Feature,Average SHAP Value
Active Transportation,0.07537586879120649
Rate of Active Population,0.028255698177263124
Rate of Daily Smokers,0.05970592564964019
Visible Minority Rate,0.0791955125169182
Mental Health Score,0.020440689141570483
Log Median Age,0.06860967802269027
Overweight,0.19304444071546983
Obese,0.03179223632906738
